NmeaType,Sequence,FrameID,RosSec,RosNsec,TalkerID,MessageID,UTCTime,Latitude,LatitudeDirection,Longitude,LongtitudeDirection,QualityIndicator,NumSatellitesInUse,HDOP,Altitude,AltitudeUnit,GeoidSeparation,GeoidUnit,AgeOfDifferentialData,DifferentialReferenceStationID
GGA
GGA,2,1697257796,76642990,gps,GN,GN,042956.00,3442.34997,N,13529.98291,E,5,10,2.95,51.2,M,34.1,M,54.0,2124
GGA,3,1697257797,69751977,gps,GN,GN,042957.00,3442.34976,N,13529.98312,E,5,10,2.94,49.8,M,34.1,M,2.0,2124
GGA,4,1697257798,67301034,gps,GN,GN,042958.00,3442.34971,N,13529.98317,E,5,10,2.94,49.4,M,34.1,M,2.0,2124
GGA,5,1697257799,72244882,gps,GN,GN,042959.00,3442.34957,N,13529.98329,E,5,10,2.94,48.8,M,34.1,M,2.0,2124
GGA,6,1697257800,67383050,gps,GN,GN,043000.00,3442.34924,N,13529.98349,E,5,10,2.94,48.1,M,34.1,M,2.0,2124
GGA,7,1697257801,67222118,gps,GN,GN,043001.00,3442.34876,N,13529.98377,E,5,10,2.94,47.3,M,34.1,M,2.0,2124
GGA,8,1697257802,62875032,gps,GN,GN,043002.00,3442.34837,N,13529.98397,E,5,10,2.94,46.1,M,34.1,M,2.0,2124
GGA,9,1697257803,62038898,gps,GN,GN,043003.00,3442.34870,N,13529.98411,E,2,10,2.94,45.2,M,34.1,M,2.0,2124
GGA,10,1697257804,76894044,gps,GN,GN,043004.00,3442.34837,N,13529.98438,E,5,10,2.94,44.4,M,34.1,M,2.0,2124
GGA,11,1697257805,62412023,gps,GN,GN,043005.00,3442.34832,N,13529.98450,E,2,10,2.94,43.7,M,34.1,M,2.0,2124
GGA,12,1697257806,58803081,gps,GN,GN,043006.00,3442.34828,N,13529.98467,E,2,10,2.94,43.1,M,34.1,M,2.0,2124
GGA,13,1697257807,58320999,gps,GN,GN,043007.00,3442.34834,N,13529.98490,E,5,10,2.94,44.3,M,34.1,M,2.0,2124
GGA,14,1697257808,55707931,gps,GN,GN,043008.00,3442.35007,N,13529.98434,E,2,10,2.93,50.4,M,34.1,M,2.0,2124
GGA,15,1697257809,57562112,gps,GN,GN,043009.00,3442.35107,N,13529.98449,E,2,09,2.93,51.2,M,34.1,M,2.0,2124
GGA,16,1697257810,62720060,gps,GN,GN,043010.00,3442.35140,N,13529.98470,E,2,09,2.93,51.4,M,34.1,M,2.0,2124
GGA,17,1697257811,64246892,gps,GN,GN,043011.00,3442.35171,N,13529.98490,E,2,10,2.93,51.8,M,34.1,M,2.0,2124
GGA,18,1697257812,61939954,gps,GN,GN,043012.00,3442.35203,N,13529.98507,E,2,10,2.93,52.0,M,34.1,M,2.0,2124
GGA,19,1697257813,51388978,gps,GN,GN,043013.00,3442.35200,N,13529.98533,E,2,10,2.93,51.1,M,34.1,M,2.0,2124
GGA,20,1697257814,63004970,gps,GN,GN,043014.00,3442.35216,N,13529.98547,E,2,10,2.93,51.2,M,34.1,M,2.0,2124
GGA,21,1697257815,53231954,gps,GN,GN,043015.00,3442.35210,N,13529.98587,E,5,10,2.93,51.2,M,34.1,M,2.0,2124
GGA,22,1697257816,54264068,gps,GN,GN,043016.00,3442.35231,N,13529.98587,E,5,09,2.93,51.9,M,34.1,M,2.0,2124
GGA,23,1697257817,55411100,gps,GN,GN,043017.00,3442.35121,N,13529.98651,E,5,09,2.93,49.6,M,34.1,M,2.0,2124
GGA,24,1697257818,59484958,gps,GN,GN,043018.00,3442.35134,N,13529.98718,E,5,09,2.93,49.2,M,34.1,M,2.0,2124
GGA,25,1697257819,52396059,gps,GN,GN,043019.00,3442.35159,N,13529.98762,E,5,09,2.92,49.9,M,34.1,M,2.0,2124
GGA,26,1697257820,51552057,gps,GN,GN,043020.00,3442.35156,N,13529.98857,E,5,09,2.92,49.0,M,34.1,M,2.0,2124
GGA,27,1697257821,52733898,gps,GN,GN,043021.00,3442.35148,N,13529.98925,E,5,09,2.92,47.9,M,34.1,M,2.0,2124
GGA,28,1697257822,51918029,gps,GN,GN,043022.00,3442.35131,N,13529.98989,E,5,09,2.92,47.1,M,34.1,M,2.0,2124
GGA,29,1697257823,59832096,gps,GN,GN,043023.00,3442.35165,N,13529.99028,E,5,09,2.92,47.7,M,34.1,M,2.0,2124
GGA,30,1697257824,53385019,gps,GN,GN,043024.00,3442.35208,N,13529.99058,E,5,09,2.92,48.2,M,34.1,M,2.0,2124
GGA,31,1697257825,51103115,gps,GN,GN,043025.00,3442.35225,N,13529.99081,E,5,09,2.92,48.6,M,34.1,M,2.0,2124
GGA,32,1697257826,48477888,gps,GN,GN,043026.00,3442.35253,N,13529.99098,E,5,09,2.92,49.0,M,34.1,M,2.0,2124
GGA,33,1697257827,48078060,gps,GN,GN,043027.00,3442.35321,N,13529.99112,E,5,09,2.92,50.1,M,34.1,M,2.0,2124
GGA,34,1697257828,56443929,gps,GN,GN,043028.00,3442.35262,N,13529.99141,E,5,09,2.92,48.8,M,34.1,M,2.0,2124
GGA,35,1697257829,45516967,gps,GN,GN,043029.00,3442.35236,N,13529.99167,E,5,09,2.92,48.2,M,34.1,M,2.0,2124
GGA,36,1697257830,45589923,gps,GN,GN,043030.00,3442.35271,N,13529.99177,E,2,09,2.92,49.0,M,34.1,M,2.0,2124
GGA,37,1697257831,43519020,gps,GN,GN,043031.00,3442.35284,N,13529.99195,E,2,09,2.91,49.7,M,34.1,M,2.0,2124
GGA,38,1697257832,41749000,gps,GN,GN,043032.00,3442.35301,N,13529.99210,E,2,09,2.91,50.0,M,34.1,M,2.0,2124
GGA,39,1697257833,50890922,gps,GN,GN,043033.00,3442.35341,N,13529.99216,E,2,09,2.91,50.1,M,34.1,M,2.0,2124
GGA,40,1697257834,46251058,gps,GN,GN,043034.00,3442.35354,N,13529.99233,E,2,09,2.91,49.9,M,34.1,M,2.0,2124
GGA,41,1697257835,37075042,gps,GN,GN,043035.00,3442.35358,N,13529.99254,E,2,09,2.91,49.8,M,34.1,M,2.0,2124
GGA,42,1697257836,42820930,gps,GN,GN,043036.00,3442.35379,N,13529.99279,E,2,09,2.91,49.7,M,34.1,M,2.0,2124
GGA,43,1697257837,41500091,gps,GN,GN,043037.00,3442.35445,N,13529.99336,E,5,09,2.91,49.2,M,34.1,M,2.0,2124
GGA,44,1697257838,39345026,gps,GN,GN,043038.00,3442.35406,N,13529.99395,E,5,09,2.91,48.4,M,34.1,M,2.0,2124
GGA,45,1697257839,44830083,gps,GN,GN,043039.00,3442.35433,N,13529.99449,E,5,09,2.91,47.4,M,34.1,M,2.0,2124
GGA,46,1697257840,39464950,gps,GN,GN,043040.00,3442.35542,N,13529.99483,E,5,09,2.91,48.1,M,34.1,M,2.0,2124
GGA,47,1697257841,48135995,gps,GN,GN,043041.00,3442.35614,N,13529.99524,E,5,09,2.91,48.5,M,34.1,M,2.0,2124
GGA,48,1697257842,38625001,gps,GN,GN,043042.00,3442.35623,N,13529.99556,E,5,09,2.90,48.6,M,34.1,M,2.0,2124
GGA,49,1697257843,37859916,gps,GN,GN,043043.00,3442.35643,N,13529.99584,E,5,09,2.90,48.7,M,34.1,M,2.0,2124
GGA,50,1697257844,35964012,gps,GN,GN,043044.00,3442.35639,N,13529.99624,E,5,10,1.51,48.2,M,34.1,M,2.0,2124
GGA,51,1697257845,38804054,gps,GN,GN,043045.00,3442.35665,N,13529.99652,E,2,09,2.90,48.1,M,34.1,M,2.0,2124
GGA,52,1697257846,39956092,gps,GN,GN,043046.00,3442.35666,N,13529.99688,E,2,10,1.51,47.8,M,34.1,M,2.0,2124
GGA,53,1697257847,35610914,gps,GN,GN,043047.00,3442.35661,N,13529.99722,E,2,10,2.90,47.8,M,34.1,M,2.0,2124
GGA,54,1697257848,33848047,gps,GN,GN,043048.00,3442.35650,N,13529.99749,E,2,10,2.90,47.4,M,34.1,M,2.0,2124
GGA,55,1697257849,36482095,gps,GN,GN,043049.00,3442.35550,N,13529.99803,E,5,10,2.90,45.3,M,34.1,M,2.0,2124
GGA,56,1697257850,34408092,gps,GN,GN,043050.00,3442.35557,N,13529.99818,E,2,10,2.90,45.8,M,34.1,M,2.0,2124
GGA,57,1697257851,36169052,gps,GN,GN,043051.00,3442.35535,N,13529.99843,E,2,10,2.90,45.6,M,34.1,M,2.0,2124
GGA,58,1697257852,33790111,gps,GN,GN,043052.00,3442.35548,N,13529.99860,E,2,10,2.90,45.3,M,34.1,M,2.0,2124
GGA,59,1697257853,37714958,gps,GN,GN,043053.00,3442.35534,N,13529.99868,E,2,09,2.89,46.2,M,34.1,M,2.0,2124
GGA,60,1697257854,40312051,gps,GN,GN,043054.00,3442.35549,N,13529.99910,E,5,09,2.89,47.9,M,34.1,M,2.0,2124
GGA,61,1697257855,44887065,gps,GN,GN,043055.00,3442.35583,N,13529.99942,E,5,09,2.89,49.0,M,34.1,M,2.0,2124
GGA,62,1697257856,33905982,gps,GN,GN,043056.00,3442.35625,N,13529.99977,E,5,09,2.89,49.5,M,34.1,M,2.0,2124
GGA,63,1697257857,36884069,gps,GN,GN,043057.00,3442.35629,N,13530.00015,E,5,09,2.89,49.5,M,34.1,M,2.0,2124
GGA,64,1697257858,40652036,gps,GN,GN,043058.00,3442.35631,N,13530.00025,E,2,09,2.89,50.6,M,34.1,M,2.0,2124
GGA,65,1697257859,31730890,gps,GN,GN,043059.00,3442.35448,N,13530.00119,E,5,09,2.89,45.7,M,34.1,M,2.0,2124
GGA,66,1697257860,33379077,gps,GN,GN,043100.00,3442.35386,N,13530.00154,E,2,09,2.89,44.9,M,34.1,M,2.0,2124
GGA,67,1697257861,39033889,gps,GN,GN,043101.00,3442.35329,N,13530.00173,E,2,09,2.89,44.6,M,34.1,M,2.0,2124
GGA,68,1697257862,27586936,gps,GN,GN,043102.00,3442.35287,N,13530.00199,E,2,09,2.89,44.2,M,34.1,M,2.0,2124
GGA,69,1697257863,27688980,gps,GN,GN,043103.00,3442.35284,N,13530.00215,E,2,09,2.89,43.7,M,34.1,M,2.0,2124
GGA,70,1697257864,27122020,gps,GN,GN,043104.00,3442.35258,N,13530.00232,E,2,09,2.88,42.7,M,34.1,M,2.0,2124
GGA,71,1697257865,26144981,gps,GN,GN,043105.00,3442.35158,N,13530.00268,E,2,09,2.88,41.0,M,34.1,M,2.0,2124
GGA,72,1697257866,27525901,gps,GN,GN,043106.00,3442.35115,N,13530.00326,E,5,09,2.88,41.3,M,34.1,M,2.0,2124
GGA,73,1697257867,28489112,gps,GN,GN,043107.00,3442.35034,N,13530.00390,E,5,09,2.88,41.7,M,34.1,M,2.0,2124
GGA,74,1697257868,27112007,gps,GN,GN,043108.00,3442.34932,N,13530.00425,E,2,09,2.88,40.8,M,34.1,M,2.0,2124
GGA,75,1697257869,26513099,gps,GN,GN,043109.00,3442.34858,N,13530.00429,E,2,09,2.88,40.6,M,34.1,M,2.0,2124
GGA,76,1697257870,24629116,gps,GN,GN,043110.00,3442.34797,N,13530.00429,E,2,09,2.88,40.0,M,34.1,M,2.0,2124
GGA,77,1697257871,22550106,gps,GN,GN,043111.00,3442.34743,N,13530.00399,E,2,09,2.88,39.7,M,34.1,M,2.0,2124
GGA,78,1697257872,24027109,gps,GN,GN,043112.00,3442.34691,N,13530.00366,E,2,09,2.88,39.4,M,34.1,M,2.0,2124
GGA,79,1697257873,25163888,gps,GN,GN,043113.00,3442.34661,N,13530.00384,E,2,09,2.88,38.9,M,34.1,M,2.0,2124
GGA,80,1697257874,21208047,gps,GN,GN,043114.00,3442.34738,N,13530.00446,E,2,08,3.43,38.4,M,34.1,M,2.0,2124
GGA,81,1697257875,32316923,gps,GN,GN,043115.00,3442.34730,N,13530.00515,E,2,08,3.43,38.3,M,34.1,M,2.0,2124
GGA,82,1697257876,27731895,gps,GN,GN,043116.00,3442.34770,N,13530.00522,E,2,08,3.43,37.8,M,34.1,M,2.0,2124
GGA,83,1697257877,23304939,gps,GN,GN,043117.00,3442.34869,N,13530.00569,E,2,08,3.43,37.0,M,34.1,M,2.0,2124
GGA,84,1697257878,19788026,gps,GN,GN,043118.00,3442.34825,N,13530.00538,E,2,08,3.43,36.5,M,34.1,M,2.0,2124
GGA,85,1697257879,20858049,gps,GN,GN,043119.00,3442.34818,N,13530.00626,E,2,08,3.43,34.9,M,34.1,M,2.0,2124
GGA,86,1697257880,30139923,gps,GN,GN,043120.00,3442.34769,N,13530.00643,E,2,09,2.87,34.8,M,34.1,M,2.0,2124
GGA,87,1697257881,20855903,gps,GN,GN,043121.00,3442.34844,N,13530.00687,E,2,09,2.87,33.4,M,34.1,M,2.0,2124
GGA,88,1697257882,31052112,gps,GN,GN,043122.00,3442.34746,N,13530.00647,E,2,09,2.87,33.2,M,34.1,M,2.0,2124
GGA,89,1697257883,19602060,gps,GN,GN,043123.00,3442.34702,N,13530.00647,E,2,09,2.87,33.3,M,34.1,M,2.0,2124
GGA,90,1697257884,19937038,gps,GN,GN,043124.00,3442.34692,N,13530.00703,E,2,09,2.87,32.5,M,34.1,M,2.0,2124
GGA,91,1697257885,17620086,gps,GN,GN,043125.00,3442.34668,N,13530.00718,E,2,08,3.42,31.6,M,34.1,M,2.0,2124
GGA,92,1697257886,18512010,gps,GN,GN,043126.00,3442.34656,N,13530.00734,E,2,07,5.44,30.9,M,34.1,M,2.0,2124
GGA,93,1697257887,24869918,gps,GN,GN,043127.00,3442.34671,N,13530.00753,E,2,07,5.44,29.9,M,34.1,M,2.0,2124
GGA,94,1697257888,17076015,gps,GN,GN,043128.00,3442.34751,N,13530.00878,E,2,06,6.18,28.6,M,34.1,M,2.0,2124
GGA,95,1697257889,14146089,gps,GN,GN,043129.00,3442.34653,N,13530.00864,E,2,07,3.58,28.0,M,34.1,M,2.0,2124
GGA,96,1697257890,14401912,gps,GN,GN,043130.00,3442.34604,N,13530.00858,E,2,06,3.62,28.3,M,34.1,M,2.0,2124
GGA,97,1697257891,13319015,gps,GN,GN,043131.00,3442.34634,N,13530.00882,E,2,06,3.62,28.2,M,34.1,M,2.0,2124
GGA,98,1697257892,12626886,gps,GN,GN,043132.00,3442.34650,N,13530.00922,E,2,06,3.62,29.5,M,34.1,M,2.0,2124
GGA,99,1697257893,18173933,gps,GN,GN,043133.00,3442.34615,N,13530.00974,E,2,04,5.06,29.6,M,34.1,M,2.0,2124
GGA,100,1697257894,19452095,gps,GN,GN,043134.00,3442.34635,N,13530.01015,E,2,04,5.06,29.6,M,34.1,M,2.0,2124
GGA,101,1697257895,13581037,gps,GN,GN,043135.00,3442.34683,N,13530.01080,E,2,04,5.06,30.1,M,34.1,M,2.0,2124
GGA,102,1697257896,13991117,gps,GN,GN,043136.00,3442.34568,N,13530.01182,E,2,04,5.06,30.4,M,34.1,M,2.0,2124
GGA,103,1697257897,10822057,gps,GN,GN,043137.00,3442.34559,N,13530.01254,E,2,05,3.03,30.4,M,34.1,M,2.0,2124
GGA,104,1697257898,7615089,gps,GN,GN,043138.00,3442.33742,N,13530.01280,E,2,07,2.36,28.8,M,34.1,M,2.0,2124
GGA,105,1697257899,10030984,gps,GN,GN,043139.00,3442.33850,N,13530.01765,E,2,07,3.61,28.8,M,34.1,M,2.0,2124
GGA,106,1697257900,15775918,gps,GN,GN,043140.00,3442.33830,N,13530.02022,E,2,05,3.90,28.8,M,34.1,M,2.0,2124
GGA,107,1697257901,8513927,gps,GN,GN,043141.00,3442.33670,N,13530.02123,E,2,03,12.58,27.6,M,34.1,M,2.0,2124
GGA,108,1697257902,12358903,gps,GN,GN,043142.00,3442.33601,N,13530.02286,E,2,03,12.57,27.5,M,34.1,M,2.0,2124
GGA,109,1697257903,8034944,gps,GN,GN,043143.00,3442.33531,N,13530.02448,E,2,04,8.51,27.5,M,34.1,M,2.0,2124
GGA,110,1697257904,7224082,gps,GN,GN,043144.00,3442.33176,N,13530.02209,E,2,03,12.54,27.2,M,34.1,M,2.0,2124
GGA,111,1697257905,12330055,gps,GN,GN,043145.00,,,,,0,04,50.55,,,,,2.0,2124
GGA,112,1697257906,4730939,gps,GN,GN,043146.00,3442.33013,N,13530.02453,E,2,05,8.92,27.1,M,34.1,M,2.0,2124
GGA,113,1697257907,5577087,gps,GN,GN,043147.00,3442.33105,N,13530.02599,E,2,04,8.68,27.8,M,34.1,M,3.0,2124
GGA,114,1697257908,6824970,gps,GN,GN,043148.00,3442.33028,N,13530.02727,E,2,04,8.68,27.8,M,34.1,M,2.0,2124
GGA,115,1697257909,10685920,gps,GN,GN,043149.00,3442.32952,N,13530.02855,E,2,05,7.46,27.8,M,34.1,M,2.0,2124
GGA,116,1697257910,14189004,gps,GN,GN,043150.00,3442.33298,N,13530.02480,E,2,06,3.63,29.0,M,34.1,M,2.0,2124
GGA,117,1697257911,6052017,gps,GN,GN,043151.00,3442.33240,N,13530.02569,E,2,06,3.63,29.0,M,34.1,M,2.0,2124
GGA,118,1697257912,6606101,gps,GN,GN,043152.00,3442.33183,N,13530.02658,E,2,06,3.64,29.0,M,34.1,M,2.0,2124
GGA,119,1697257913,10374069,gps,GN,GN,043153.00,3442.31951,N,13530.03294,E,2,07,2.37,30.7,M,34.1,M,2.0,2124
GGA,120,1697257914,8054971,gps,GN,GN,043154.00,3442.30774,N,13530.03771,E,2,07,2.37,31.2,M,34.1,M,2.0,2124
GGA,121,1697257915,6161928,gps,GN,GN,043155.00,3442.29856,N,13530.04137,E,2,07,2.37,31.6,M,34.1,M,2.0,2124
GGA,122,1697257916,5191087,gps,GN,GN,043156.00,3442.29529,N,13530.04227,E,2,07,2.37,33.0,M,34.1,M,2.0,2124
GGA,123,1697257917,6155967,gps,GN,GN,043157.00,3442.28810,N,13530.04506,E,2,07,2.37,33.3,M,34.1,M,2.0,2124
GGA,124,1697257918,8045911,gps,GN,GN,043158.00,3442.28183,N,13530.04740,E,2,05,4.89,33.7,M,34.1,M,2.0,2124
GGA,125,1697257919,8217096,gps,GN,GN,043159.00,3442.27164,N,13530.04382,E,2,06,4.82,33.5,M,34.1,M,2.0,2124
GGA,126,1697257920,5881071,gps,GN,GN,043200.00,3442.26572,N,13530.04457,E,2,06,4.82,33.7,M,34.1,M,2.0,2124
GGA,127,1697257921,28496026,gps,GN,GN,043201.00,3442.26562,N,13530.04827,E,2,07,4.44,33.9,M,34.1,M,2.0,2124
GGA,128,1697257922,7812976,gps,GN,GN,043202.00,3442.26049,N,13530.04527,E,2,08,2.86,34.4,M,34.1,M,2.0,2124
GGA,129,1697257923,15964031,gps,GN,GN,043203.00,3442.29051,N,13530.04881,E,2,09,1.57,41.4,M,34.1,M,2.0,2124
GGA,130,1697257924,6889104,gps,GN,GN,043204.00,3442.30113,N,13530.04900,E,2,09,1.57,45.5,M,34.1,M,2.0,2124
GGA,131,1697257925,11934041,gps,GN,GN,043205.00,3442.30349,N,13530.04846,E,2,08,1.57,47.3,M,34.1,M,2.0,2124
GGA,132,1697257926,7551908,gps,GN,GN,043206.00,3442.30436,N,13530.04771,E,2,09,1.51,49.0,M,34.1,M,2.0,2124
GGA,133,1697257927,32522916,gps,GN,GN,043207.00,3442.30599,N,13530.04828,E,2,09,1.51,51.2,M,34.1,M,2.0,2124
GGA,134,1697257928,18443107,gps,GN,GN,043208.00,3442.30391,N,13530.04398,E,2,08,1.65,55.4,M,34.1,M,2.0,2124
GGA,135,1697257929,7107973,gps,GN,GN,043209.00,3442.30222,N,13530.04024,E,2,07,1.67,58.8,M,34.1,M,2.0,2124
GGA,136,1697257930,6565093,gps,GN,GN,043210.00,3442.30013,N,13530.03826,E,2,07,1.66,61.5,M,34.1,M,2.0,2124
GGA,137,1697257931,12934923,gps,GN,GN,043211.00,3442.30044,N,13530.03676,E,2,07,1.67,62.6,M,34.1,M,2.0,2124
GGA,138,1697257932,5706071,gps,GN,GN,043212.00,3442.29899,N,13530.03537,E,2,04,4.74,63.5,M,34.1,M,2.0,2124
GGA,139,1697257933,4731893,gps,GN,GN,043213.00,3442.29723,N,13530.03418,E,2,06,1.71,64.9,M,34.1,M,2.0,2124
GGA,140,1697257934,5954027,gps,GN,GN,043214.00,3442.29461,N,13530.03396,E,2,03,4.16,62.2,M,34.1,M,2.0,2124
GGA,141,1697257935,13883113,gps,GN,GN,043215.00,3442.29172,N,13530.03287,E,2,04,3.87,63.2,M,34.1,M,2.0,2124
GGA,142,1697257936,5230903,gps,GN,GN,043216.00,3442.29194,N,13530.03050,E,2,05,1.72,65.0,M,34.1,M,2.0,2124
GGA,143,1697257937,5780935,gps,GN,GN,043217.00,3442.29199,N,13530.02603,E,2,05,3.11,66.9,M,34.1,M,2.0,2124
GGA,144,1697257938,1920938,gps,GN,GN,043218.00,3442.28881,N,13530.02388,E,2,05,1.72,67.8,M,34.1,M,2.0,2124
GGA,145,1697257939,11442899,gps,GN,GN,043219.00,3442.28728,N,13530.02185,E,2,06,1.69,68.5,M,34.1,M,2.0,2124
GGA,146,1697257940,14664888,gps,GN,GN,043220.00,3442.28969,N,13530.02198,E,2,04,2.25,69.6,M,34.1,M,2.0,2124
GGA,147,1697257940,999912023,gps,GN,GN,043221.00,3442.28992,N,13530.02102,E,2,05,2.03,69.6,M,34.1,M,2.0,2124
GGA,148,1697257942,6232023,gps,GN,GN,043222.00,3442.29015,N,13530.02006,E,2,05,2.03,69.7,M,34.1,M,2.0,2124
GGA,149,1697257943,636100,gps,GN,GN,043223.00,3442.29203,N,13530.01962,E,2,05,2.03,70.0,M,34.1,M,2.0,2124
GGA,150,1697257944,611066,gps,GN,GN,043224.00,3442.29242,N,13530.01877,E,2,05,2.03,70.1,M,34.1,M,2.0,2124
GGA,151,1697257945,5637884,gps,GN,GN,043225.00,3442.29281,N,13530.01792,E,2,05,2.03,70.1,M,34.1,M,2.0,2124
GGA,152,1697257946,1900911,gps,GN,GN,043226.00,3442.29572,N,13530.01670,E,2,05,2.03,69.9,M,34.1,M,2.0,2124
GGA,153,1697257946,997982025,gps,GN,GN,043227.00,3442.29625,N,13530.01579,E,2,06,2.03,69.9,M,34.1,M,2.0,2124
GGA,154,1697257948,3931999,gps,GN,GN,043228.00,3442.29678,N,13530.01489,E,2,06,2.03,70.0,M,34.1,M,2.0,2124
GGA,155,1697257948,998359918,gps,GN,GN,043229.00,3442.30223,N,13530.01682,E,2,04,3.88,70.0,M,34.1,M,2.0,2124
GGA,156,1697257949,998070001,gps,GN,GN,043230.00,3442.30314,N,13530.01616,E,2,05,2.03,70.1,M,34.1,M,2.0,2124
GGA,157,1697257950,998774051,gps,GN,GN,043231.00,3442.30404,N,13530.01551,E,2,06,2.03,70.1,M,34.1,M,2.0,2124
GGA,158,1697257951,996910095,gps,GN,GN,043232.00,3442.30360,N,13530.01203,E,2,04,2.80,70.1,M,34.1,M,2.0,2124
GGA,159,1697257953,335931,gps,GN,GN,043233.00,3442.30514,N,13530.01115,E,2,05,2.03,70.0,M,34.1,M,2.0,2124
GGA,160,1697257953,998517036,gps,GN,GN,043234.00,3442.30706,N,13530.01040,E,2,05,2.03,69.8,M,34.1,M,2.0,2124
GGA,161,1697257954,993844985,gps,GN,GN,043235.00,,,,,0,00,99.99,,,,,,
GGA,162,1697257956,10421991,gps,GN,GN,043236.00,3442.31180,N,13530.00901,E,2,03,11.02,69.2,M,34.1,M,2.0,2124
GGA,163,1697257956,999459028,gps,GN,GN,043237.00,3442.31896,N,13530.01413,E,2,07,2.00,68.9,M,34.1,M,3.0,2124
GGA,164,1697257957,997571945,gps,GN,GN,043238.00,3442.32278,N,13530.01617,E,2,06,3.61,68.7,M,34.1,M,2.0,2124
GGA,165,1697257959,499010,gps,GN,GN,043239.00,3442.32600,N,13530.01587,E,2,05,5.27,68.5,M,34.1,M,2.0,2124
GGA,166,1697257960,684976,gps,GN,GN,043240.00,3442.32944,N,13530.01556,E,2,04,6.02,68.3,M,34.1,M,2.0,2124
GGA,167,1697257960,998414039,gps,GN,GN,043241.00,3442.33105,N,13530.01314,E,2,03,11.02,67.9,M,34.1,M,2.0,2124
GGA,168,1697257961,998783111,gps,GN,GN,043242.00,3442.33361,N,13530.01320,E,2,03,11.02,67.7,M,34.1,M,2.0,2124
GGA,169,1697257962,996011018,gps,GN,GN,043243.00,3442.33707,N,13530.01472,E,2,07,2.00,67.6,M,34.1,M,2.0,2124
GGA,170,1697257964,5542993,gps,GN,GN,043244.00,3442.33354,N,13530.01561,E,2,07,2.00,67.0,M,34.1,M,2.0,2124
GGA,171,1697257964,994754076,gps,GN,GN,043245.00,3442.33621,N,13530.01519,E,2,07,2.00,66.8,M,34.1,M,2.0,2124
GGA,172,1697257966,3365993,gps,GN,GN,043246.00,3442.33808,N,13530.01519,E,2,06,2.01,66.7,M,34.1,M,2.0,2124
GGA,173,1697257966,994554996,gps,GN,GN,043247.00,3442.34036,N,13530.01503,E,2,06,2.82,66.8,M,34.1,M,2.0,2124
GGA,174,1697257967,994766950,gps,GN,GN,043248.00,3442.34214,N,13530.01515,E,2,07,2.00,66.6,M,34.1,M,2.0,2124
GGA,175,1697257969,2559900,gps,GN,GN,043249.00,3442.34314,N,13530.01552,E,2,06,2.12,66.6,M,34.1,M,2.0,2124
GGA,176,1697257969,994386911,gps,GN,GN,043250.00,3442.34697,N,13530.01628,E,2,07,2.00,66.4,M,34.1,M,2.0,2124
GGA,177,1697257970,995134115,gps,GN,GN,043251.00,3442.34842,N,13530.01652,E,2,07,2.00,66.3,M,34.1,M,2.0,2124
GGA,178,1697257972,3334999,gps,GN,GN,043252.00,3442.34980,N,13530.01684,E,2,07,2.00,66.2,M,34.1,M,2.0,2124
GGA,179,1697257972,993182897,gps,GN,GN,043253.00,3442.34046,N,13530.01066,E,2,07,2.00,65.5,M,34.1,M,2.0,2124
GGA,180,1697257974,2685070,gps,GN,GN,043254.00,3442.34169,N,13530.01071,E,2,05,3.36,65.4,M,34.1,M,2.0,2124
GGA,181,1697257974,993943929,gps,GN,GN,043255.00,3442.34324,N,13530.01066,E,2,05,3.79,65.3,M,34.1,M,2.0,2124
GGA,182,1697257975,999058008,gps,GN,GN,043256.00,3442.33792,N,13530.01076,E,2,06,2.49,64.7,M,34.1,M,2.0,2124
GGA,183,1697257976,996773004,gps,GN,GN,043257.00,3442.33857,N,13530.01094,E,2,06,2.49,64.6,M,34.1,M,2.0,2124
GGA,184,1697257977,997762918,gps,GN,GN,043258.00,3442.33918,N,13530.01122,E,2,06,2.49,64.5,M,34.1,M,2.0,2124
GGA,185,1697257978,989466905,gps,GN,GN,043259.00,3442.33722,N,13530.00614,E,2,06,2.49,64.3,M,34.1,M,2.0,2124
GGA,186,1697257979,991576910,gps,GN,GN,043300.00,3442.33801,N,13530.00608,E,2,06,2.49,64.2,M,34.1,M,2.0,2124
GGA,187,1697257980,992609977,gps,GN,GN,043301.00,3442.33868,N,13530.00605,E,2,06,2.49,64.2,M,34.1,M,2.0,2124
GGA,188,1697257981,991432905,gps,GN,GN,043302.00,3442.33854,N,13530.00417,E,2,05,3.78,64.1,M,34.1,M,2.0,2124
GGA,189,1697257982,991076946,gps,GN,GN,043303.00,3442.33898,N,13530.00410,E,2,05,3.78,64.1,M,34.1,M,2.0,2124
GGA,190,1697257983,990369081,gps,GN,GN,043304.00,3442.34007,N,13530.00373,E,2,05,3.78,64.0,M,34.1,M,2.0,2124
GGA,191,1697257984,995193004,gps,GN,GN,043305.00,3442.34088,N,13530.00297,E,2,03,11.03,64.0,M,34.1,M,2.0,2124
GGA,192,1697257985,991518974,gps,GN,GN,043306.00,3442.34072,N,13530.00227,E,2,03,11.03,63.9,M,34.1,M,2.0,2124
GGA,193,1697257986,993552923,gps,GN,GN,043307.00,3442.34245,N,13530.00241,E,2,05,3.78,63.8,M,34.1,M,2.0,2124
GGA,194,1697257987,989187955,gps,GN,GN,043308.00,3442.34571,N,13529.99715,E,2,05,3.78,63.3,M,34.1,M,2.0,2124
GGA,195,1697257989,2367019,gps,GN,GN,043309.00,3442.34743,N,13529.99658,E,2,04,5.98,63.2,M,34.1,M,2.0,2124
GGA,196,1697257989,997668981,gps,GN,GN,043310.00,3442.34918,N,13529.99664,E,2,04,5.98,63.1,M,34.1,M,2.0,2124
GGA,197,1697257990,993761062,gps,GN,GN,043311.00,3442.34955,N,13529.99568,E,2,03,11.03,62.9,M,34.1,M,2.0,2124
GGA,198,1697257991,991190910,gps,GN,GN,043312.00,3442.34883,N,13529.99368,E,2,04,4.89,62.8,M,34.1,M,2.0,2124
GGA,199,1697257992,989404916,gps,GN,GN,043313.00,3442.34873,N,13529.99351,E,2,06,3.58,62.8,M,34.1,M,2.0,2124
GGA,200,1697257993,989998102,gps,GN,GN,043314.00,3442.34685,N,13529.99085,E,2,06,3.58,62.8,M,34.1,M,2.0,2124
GGA,201,1697257994,989059925,gps,GN,GN,043315.00,3442.34866,N,13529.99112,E,2,06,3.58,62.8,M,34.1,M,2.0,2124
GGA,202,1697257995,990622997,gps,GN,GN,043316.00,3442.34863,N,13529.99043,E,2,06,3.58,62.7,M,34.1,M,2.0,2124
GGA,203,1697257996,991436004,gps,GN,GN,043317.00,3442.34964,N,13529.98792,E,2,06,3.58,62.6,M,34.1,M,2.0,2124
GGA,204,1697257997,990344047,gps,GN,GN,043318.00,3442.35051,N,13529.98753,E,2,06,3.58,62.5,M,34.1,M,2.0,2124
GGA,205,1697257998,992765903,gps,GN,GN,043319.00,3442.34884,N,13529.98550,E,2,07,3.50,62.0,M,34.1,M,2.0,2124
GGA,206,1697257999,991341114,gps,GN,GN,043320.00,3442.34875,N,13529.98439,E,2,07,3.50,61.6,M,34.1,M,2.0,2124
GGA,207,1697258000,991343021,gps,GN,GN,043321.00,3442.34768,N,13529.98299,E,2,07,3.50,61.4,M,34.1,M,2.0,2124
GGA,208,1697258001,992515087,gps,GN,GN,043322.00,3442.34652,N,13529.98309,E,2,08,2.19,60.7,M,34.1,M,2.0,2124
GGA,209,1697258002,993526935,gps,GN,GN,043323.00,3442.34632,N,13529.98331,E,2,09,1.84,60.2,M,34.1,M,2.0,2124
GGA,210,1697258004,1548051,gps,GN,GN,043324.00,3442.34701,N,13529.98318,E,2,08,3.29,59.9,M,34.1,M,2.0,2124
GGA,211,1697258004,992058038,gps,GN,GN,043325.00,3442.35105,N,13529.98403,E,2,09,2.76,59.0,M,34.1,M,2.0,2124
GGA,212,1697258005,990276098,gps,GN,GN,043326.00,3442.35499,N,13529.98425,E,2,10,1.50,57.5,M,34.1,M,2.0,2124
GGA,213,1697258006,994400978,gps,GN,GN,043327.00,3442.35526,N,13529.98417,E,2,10,1.50,56.6,M,34.1,M,2.0,2124
GGA,214,1697258007,994030952,gps,GN,GN,043328.00,3442.35679,N,13529.98371,E,2,10,1.50,55.4,M,34.1,M,2.0,2124
GGA,215,1697258008,992233991,gps,GN,GN,043329.00,3442.35843,N,13529.98365,E,2,10,1.50,54.3,M,34.1,M,2.0,2124
GGA,216,1697258009,991091012,gps,GN,GN,043330.00,3442.35847,N,13529.98358,E,2,10,1.50,53.5,M,34.1,M,2.0,2124
GGA,217,1697258010,991048097,gps,GN,GN,043331.00,3442.35858,N,13529.98293,E,2,10,1.50,52.8,M,34.1,M,2.0,2124
GGA,218,1697258011,991044998,gps,GN,GN,043332.00,3442.35816,N,13529.98201,E,2,10,1.50,52.1,M,34.1,M,2.0,2124
GGA,219,1697258012,992038965,gps,GN,GN,043333.00,3442.35821,N,13529.98155,E,2,10,1.50,51.3,M,34.1,M,2.0,2124
GGA,220,1697258013,999313116,gps,GN,GN,043334.00,3442.35836,N,13529.98109,E,2,10,1.50,50.6,M,34.1,M,2.0,2124
GGA,221,1697258014,988694906,gps,GN,GN,043335.00,3442.35849,N,13529.98022,E,2,10,1.50,49.9,M,34.1,M,2.0,2124
GGA,222,1697258015,993788957,gps,GN,GN,043336.00,3442.35919,N,13529.97961,E,2,10,1.50,48.8,M,34.1,M,2.0,2124
GGA,223,1697258016,992749929,gps,GN,GN,043337.00,3442.35860,N,13529.97839,E,2,10,1.50,47.8,M,34.1,M,2.0,2124
GGA,224,1697258017,989834070,gps,GN,GN,043338.00,3442.35812,N,13529.97687,E,2,10,1.50,46.7,M,34.1,M,2.0,2124
GGA,225,1697258018,988907098,gps,GN,GN,043339.00,3442.35722,N,13529.97615,E,2,10,1.50,46.3,M,34.1,M,2.0,2124
GGA,226,1697258019,988928079,gps,GN,GN,043340.00,3442.35722,N,13529.97592,E,2,10,1.50,46.0,M,34.1,M,2.0,2124
GGA,227,1697258020,992535114,gps,GN,GN,043341.00,3442.35659,N,13529.97535,E,2,10,1.50,45.6,M,34.1,M,2.0,2124
GGA,228,1697258021,990099906,gps,GN,GN,043342.00,3442.35604,N,13529.97479,E,2,10,1.50,45.3,M,34.1,M,2.0,2124
GGA,229,1697258022,992336034,gps,GN,GN,043343.00,3442.35543,N,13529.97384,E,2,10,1.50,44.7,M,34.1,M,2.0,2124
GGA,230,1697258023,987802982,gps,GN,GN,043344.00,3442.35527,N,13529.97316,E,2,10,1.50,44.5,M,34.1,M,2.0,2124
GGA,231,1697258024,989825963,gps,GN,GN,043345.00,3442.35445,N,13529.97237,E,2,10,1.50,44.7,M,34.1,M,2.0,2124
GGA,232,1697258025,997694969,gps,GN,GN,043346.00,3442.35447,N,13529.97188,E,2,10,1.50,44.3,M,34.1,M,2.0,2124
GGA,233,1697258026,991089105,gps,GN,GN,043347.00,3442.35383,N,13529.97133,E,2,10,1.50,43.8,M,34.1,M,2.0,2124
GGA,234,1697258027,989988088,gps,GN,GN,043348.00,3442.35348,N,13529.97093,E,2,10,2.74,43.2,M,34.1,M,2.0,2124
GGA,235,1697258029,3901004,gps,GN,GN,043349.00,3442.35302,N,13529.97061,E,2,10,2.74,42.7,M,34.1,M,2.0,2124
GGA,236,1697258029,997153997,gps,GN,GN,043350.00,3442.35285,N,13529.97068,E,2,10,1.50,42.1,M,34.1,M,2.0,2124
GGA,237,1697258030,990499973,gps,GN,GN,043351.00,3442.35256,N,13529.97084,E,2,10,1.50,41.6,M,34.1,M,2.0,2124
GGA,238,1697258031,998220920,gps,GN,GN,043352.00,3442.35231,N,13529.97111,E,2,10,1.50,41.2,M,34.1,M,2.0,2124
GGA,239,1697258032,996438026,gps,GN,GN,043353.00,3442.35187,N,13529.97103,E,2,10,2.74,40.5,M,34.1,M,2.0,2124
GGA,240,1697258033,997639894,gps,GN,GN,043354.00,3442.35140,N,13529.97089,E,2,09,2.74,39.8,M,34.1,M,2.0,2124
GGA,241,1697258034,999245882,gps,GN,GN,043355.00,3442.35071,N,13529.97089,E,2,09,2.73,39.0,M,34.1,M,2.0,2124
GGA,242,1697258035,993660926,gps,GN,GN,043356.00,3442.35012,N,13529.97101,E,2,09,2.73,38.1,M,34.1,M,2.0,2124
GGA,243,1697258036,993989944,gps,GN,GN,043357.00,3442.34953,N,13529.97111,E,2,09,2.73,37.3,M,34.1,M,2.0,2124
GGA,244,1697258037,994091987,gps,GN,GN,043358.00,3442.34504,N,13529.97256,E,5,09,2.73,27.3,M,34.1,M,2.0,2124
GGA,245,1697258038,992327928,gps,GN,GN,043359.00,3442.34484,N,13529.97275,E,2,09,2.73,26.9,M,34.1,M,2.0,2124
GGA,246,1697258039,994102954,gps,GN,GN,043400.00,3442.34474,N,13529.97299,E,2,09,2.73,26.4,M,34.1,M,2.0,2124
NmeaType,Sequence,FrameID,RosSec,RosNsec,TalkerID,MessageID,NumSentences,SentenceNumber,SatellitesInView,SatelliteID,Elevation,Azimuth,SNR,SignalID
GSV
GSA
NmeaType,Sequence,FrameID,RosSec,RosNsec,TalkerID,MessageID,Latitude,LatitudeDirection,Longitude,LongtitudeDirection,UTCTime,DataValidity,PositioningMode,DOP
GLL
NmeaType,Sequence,FrameID,RosSec,RosNsec,TalkerID,MessageID,UTCTime,UTCDay,UTCMonth,UTCYear,LocalZoneHours,LocalZoneMinutes
ZDA
NmeaType,Sequence,FrameID,RosSec,RosNsec,TalkerID,MessageID,TrueCourseAngle,TureCourse,MagneticCourseAngle,MagneticCourse,GroundSpeedKnot,Knot,GroundSpeedKmh,Kmh,ModeIndicator
VTG
NmeaType,Sequence,FrameID,RosSec,RosNsec,TalkerID,MessageID,FixStatus,Latitude,LatitudeDirection,Longitude,LongtitudeDirection,GroundSpeedKnot,TrueCourseAngle,UTCDateTime,MagneticVariation,MagneticVariationDirection,ModeIndicator
RMC
